funnel_stage,platform,video_count,total_views,total_engagements,avg_er,total_spend,avg_cpe
Awareness,TikTok,63,50435396,9301601,0.09433,293583.61,0.0234
Awareness,YouTube,122,105497877,3742215,0.00457,1604172.89,0.6215
Engagement,TikTok,46,37704000,8877278,0.09724,345774.43,0.0245
Consideration,TikTok,41,43864171,8261547,0.08897,302580.71,0.0255
Consideration,YouTube,16,1892129,89031,0.00261,28071.45,0.254
